,title,distributor,genre,release_time,time,screening_rat,director,dir_prev_bfnum,dir_prev_num,num_staff,num_actor,box_off_num
0,개들의 전쟁,롯데엔터테인먼트,액션,2012-11-22,96분,청소년 관람불가,조병옥,,0,91,2,23398명
1,내부자들,(주)쇼박스,느와르,2015-11-19,130분,청소년 관람불가,우민호,1161602.5,2,387,3,7072501명
2,은밀하게 위대하게,(주)쇼박스,액션,2013-06-05,123분,15세 관람가,장철수,220775.25,4,343,4,6959083명
3,나는 공무원이다,(주)NEW,코미디,2012-07-12,101분,전체 관람가,구자홍,23894.0,2,20,6,217866명
4,불량남녀,쇼박스(주)미디어플렉스,코미디,2010-11-04,108분,15세 관람가,신근호,1.0,1,251,2,483387명
5,강철대오 : 구국의 철가방,롯데엔터테인먼트,코미디,2012-10-25,113분,15세 관람가,육상효,837969.0,2,262,4,233211명
6,길위에서,백두대간,다큐멘터리,2013-05-23,104분,전체 관람가,이창재,,0,32,5,53526명
7,회사원,(주)쇼박스,액션,2012-10-11,96분,청소년 관람불가,임상윤,739522.0,3,342,2,1110523명
8,"1789, 바스티유의 연인들",유니버설픽쳐스인터내셔널코리아,뮤지컬,2014-09-18,129분,전체 관람가,정성복,,0,3,5,4778명
9,청춘그루브,(주)두타연,드라마,2012-03-15,94분,15세 관람가,변성현,,0,138,3,868명
10,AV 아이돌,(주) 케이알씨지,멜로/로맨스,2015-07-27,89분,청소년 관람불가,조조 히데오,,0,0,4,745명
11,무서운 집,(주)콘텐츠 윙,공포,2015-07-30,98분,12세 관람가,양병간,,0,0,1,1079명
12,해로,(주)키노아이,드라마,2012-03-22,113분,12세 관람가,최종태,431231.0,1,14,2,5851명
13,짓,(주)팝 파트너스,서스펜스,2013-09-25,107분,청소년 관람불가,한종훈,534232.5,2,15,4,23052명
14,철가방 우수氏,CJ E&M 영화부문,드라마,2012-11-22,100분,12세 관람가,윤학렬,,0,152,1,92404명
15,자유의 언덕,(주) 영화제작전원사,드라마,2014-09-04,67분,청소년 관람불가,홍상수,,0,52,3,39317명
16,써니,CJ E&M Pictures,코미디,2011-05-04,124분,15세 관람가,강형철,8223342.0,1,572,11,7453715명
17,별이 빛나는 밤,CGV 무비꼴라쥬,드라마,2012-04-05,98분,전체 관람가,린슈유,773.0,1,8,4,5693명
18,카트,리틀빅픽처스,드라마,2014-11-13,104분,12세 관람가,부지영,,0,359,4,814570명
19,하하하,스폰지,드라마,2010-05-05,115분,청소년 관람불가,홍상수,,0,74,9,57029명
20,두근두근 내 인생,CJ 엔터테인먼트,드라마,2014-09-03,117분,12세 관람가,이재용,495068.5,2,466,3,1624573명
21,성실한 나라의 앨리스,CGV아트하우스,드라마,2015-08-13,90분,청소년 관람불가,안국진,,0,228,1,44074명
22,원령,조이앤시네마,공포,2015-08-13,91분,15세 관람가,동지견,,0,0,1,914명
23,관능의 법칙,롯데엔터테인먼트,드라마,2014-02-13,108분,청소년 관람불가,권칠인,75740.0,1,288,3,781516명
24,"안녕, 투이",인디플러그,드라마,2014-11-27,106분,청소년 관람불가,김재한,,0,153,3,1176명
25,영도,콘텐츠판다,드라마,2015-09-10,116분,청소년 관람불가,손승웅,,0,183,3,3094명
26,이웃집 좀비,인디스토리,공포,2010-02-18,89분,15세 관람가,류훈,,0,40,10,2807명
27,러브앤서울 복숭아마을 도색소동기,(주) 케이알씨지,멜로/로맨스,2015-07-27,89분,청소년 관람불가,조조 히데오,,0,0,4,745명
28,무법자,(주)NEW,느와르,2010-03-18,93분,청소년 관람불가,김철한,,0,250,3,160734명
29,일탈여행 : 프라이빗 아일랜드,(주)팝엔터테인먼트,드라마,2013-08-29,90분,청소년 관람불가,한상희,,0,29,3,3460명
30,로맨틱 헤븐,시네마서비스,드라마,2011-03-24,117분,12세 관람가,장진,,0,369,7,73729명
31,겨울나비,웃기씨네,드라마,2011-07-07,90분,15세 관람가,김규민,,0,71,2,521명
32,다이노 타임,CJ 엔터테인먼트,애니메이션,2015-04-30,85분,전체 관람가,최윤석,,0,10,8,285084명
33,물 없는 바다,인디스토리,멜로/로맨스,2011-12-08,88분,15세 관람가,김관철,,0,9,2,390명
34,오싹한 연애,CJ 엔터테인먼트,멜로/로맨스,2011-12-01,114분,12세 관람가,황인호,683213.333333333,3,324,2,3009406명
35,마이 페어 웨딩,영화사 진진,다큐멘터리,2015-06-04,94분,12세 관람가,장희선,,0,2,2,4586명
36,원나잇 온리,(주)레인보우 팩토리,드라마,2014-07-03,67분,청소년 관람불가,김조광수,,0,1,5,2923명
37,일대일,김기덕 필름,드라마,2014-05-22,122분,청소년 관람불가,김기덕,,0,135,2,10142명
38,하늘의 황금마차,영화사 진진,드라마,2014-09-04,84분,12세 관람가,오멸,,0,96,5,2703명
39,러브픽션,NEW,멜로/로맨스,2012-02-29,121분,15세 관람가,전계수,8052.5,2,315,2,1726227명
40,불타는 내 마음,CJ CGV,멜로/로맨스,2010-03-25,95분,15세 관람가,최원섭,,0,95,2,9089명
41,끝과 시작,롯데엔터테인먼트,멜로/로맨스,2013-04-04,87분,청소년 관람불가,민규동,4598985.0,1,182,3,38809명
42,7월 32일,동국대학교 충무로영상제작센터,드라마,2010-04-22,96분,청소년 관람불가,진승현,,0,10,4,742명
43,청춘학당 : 풍기문란 보쌈 야사,BoXoo 엔터테인먼트,멜로/로맨스,2014-03-27,90분,청소년 관람불가,도창훈,,0,100,4,3772명
44,부당거래,CJ 엔터테인먼트,느와르,2010-10-28,119분,청소년 관람불가,류승완,,0,471,4,2723028명
45,콘돌은 날아간다,(주)마운틴픽쳐스,드라마,2013-05-30,102분,청소년 관람불가,전수일,984.0,1,23,3,1209명
46,페어 러브,CJ 엔터테인먼트,드라마,2010-01-14,117분,12세 관람가,신연식,,0,106,2,27083명
47,극적인 하룻밤,CGV 아트하우스,멜로/로맨스,2015-12-03,107분,청소년 관람불가,하기호,,0,368,4,321641명
48,빅매치,(주)NEW,액션,2014-11-26,112분,15세 관람가,최호,1159954.0,2,600,4,1177435명
49,극장판 뛰뛰빵빵 구조대 미션: 둥둥이를 구하라!,메가박스(주)플러스엠,애니메이션,2014-08-07,80분,전체 관람가,방형우,,0,44,3,21939명
50,황구,골든타이드픽처스,코미디,2014-10-16,87분,전체 관람가,박용집,695201.5,2,140,3,72명
51,워킹걸,메가박스(주)플러스엠,코미디,2015-01-07,112분,청소년 관람불가,정범식,583770.0,3,315,3,151550명
52,나의 선택 - 잊혀진 가방 그 못다한 이야기,파이오니아21,다큐멘터리,2010-07-29,84분,전체 관람가,김상철,,0,20,10,15687명
53,에스엠타운 더 스테이지,디 씨드,다큐멘터리,2015-08-13,107분,전체 관람가,배성상,,0,9,11,35857명
54,미조,(주)마운틴픽쳐스,드라마,2014-10-02,72분,청소년 관람불가,남기웅,427.0,2,107,2,112명
55,원더풀 라디오,(주)쇼박스,드라마,2012-01-05,120분,15세 관람가,권칠인,75740.0,1,279,2,986287명
56,막걸스,드림팩트 엔터테인먼트,코미디,2015-05-21,103분,15세 관람가,김기영,,0,125,8,2410명
57,미궁: 비밀애,(주) 케이알씨지,멜로/로맨스,2015-04-23,69분,청소년 관람불가,조조 히데오,,0,1,4,514명
58,파괴된 사나이,시너지,공포,2010-07-01,114분,청소년 관람불가,우민호,,0,290,5,1012310명
59,친구 2,롯데엔터테인먼트,느와르,2013-11-14,124분,청소년 관람불가,곽경택,372863.0,2,319,3,2971475명
60,              개를 훔치는 완벽한 방법,리틀빅픽처스,드라마,2014-12-31,109분,전체 관람가,김성호,495535.0,1,292,8,306642명
61,청춘정담,디마엔터테인먼트,멜로/로맨스,2013-11-21,97분,15세 관람가,문인수,874146.666666667,3,67,4,484명
62,이방인들,판다미디어,드라마,2012-05-10,127분,12세 관람가,최용석,,0,24,3,432명
63,간첩,롯데엔터테인먼트,드라마,2012-09-20,115분,15세 관람가,우민호,1012310.0,1,372,5,1310895명
64,그 참을 수 없는 맛,(주) 케이알씨지,드라마,2014-07-09,74분,청소년 관람불가,이지형,,0,5,3,1697명
65,도리화가,CJ 엔터테인먼트,드라마,2015-11-25,109분,12세 관람가,이종필,385977.5,2,519,3,317505명
66,의뢰인,(주)쇼박스,드라마,2011-09-29,123분,15세 관람가,손영성,39555.0,1,68,3,2393103명
67,열정같은소리하고있네,(주)NEW,드라마,2015-11-25,106분,15세 관람가,정기훈,1502930.25,4,341,2,654407명
68,화끈한 써비스: 어느 잔인한 미용사의,골든타이드픽처스,드라마,2015-01-29,72분,청소년 관람불가,남기웅,427.0,2,80,2,148명
69,세상끝의 사랑,(주)스톰픽쳐스코리아,멜로/로맨스,2015-11-12,100분,청소년 관람불가,김인식,115412.666666667,3,132,2,4746명
70,어디로 갈까요?,(주)마운틴픽쳐스,멜로/로맨스,2013-05-16,97분,청소년 관람불가,진승현,742.0,1,59,4,488명
71,완전 소중한 사랑,(주)마운틴픽쳐스,멜로/로맨스,2013-11-21,118분,12세 관람가,김진민,20196.0,2,130,2,20303명
72,사물의 비밀,(주)예지림 엔터테인먼트,멜로/로맨스,2011-11-17,112분,청소년 관람불가,이영미,,0,110,5,8757명
73,청포도 사탕: 17년 전의 약속,(주)마운틴픽쳐스,미스터리,2012-09-06,104분,15세 관람가,김희정,6053.0,1,17,4,1637명
74,아저씨,CJ 엔터테인먼트,액션,2010-08-04,119분,청소년 관람불가,이정범,,0,509,2,6178665명
75,원 오브 어 카인드 3D,골든타이드픽처스,뮤지컬,2013-10-31,93분,전체 관람가,손석,,0,0,1,8083명
76,사랑이 무서워,롯데엔터테인먼트,멜로/로맨스,2011-03-10,112분,15세 관람가,정우철,5849451.0,3,310,2,402876명
77,검은손,(주)스톰픽쳐스코리아,공포,2015-04-16,96분,청소년 관람불가,박재식,1715370.0,1,108,2,11650명
78,덕수리 5형제,롯데엔터테인먼트,코미디,2014-12-04,102분,15세 관람가,전형준,674787.666666667,3,309,6,210775명
79,별일아니다,(주) 영화사조제,드라마,2014-02-13,124분,15세 관람가,김상석,809.0,1,12,2,236명
80,바비,(주) 케이알씨지,드라마,2010-02-04,116분,15세 관람가,에밀리오 에스테베즈,,0,19,25,2821명
81,심야의 FM,롯데엔터테인먼트,공포,2010-10-14,106분,청소년 관람불가,김상만,1205200.25,4,344,2,1208310명
82,만추,보람엔터테인먼트,드라마,2011-02-17,115분,15세 관람가,김태용,,0,204,2,849635명
83,레인보우,인디스토리,드라마,2010-11-18,91분,12세 관람가,신수원,,0,74,4,2775명
84,더 파이브,CJ 엔터테인먼트,공포,2013-11-14,123분,청소년 관람불가,정연식,,0,174,7,731212명
85,두 개의 선,(주)시네마달,다큐멘터리,2012-02-09,82분,15세 관람가,지민,,0,15,2,2296명
86,반창꼬,(주)NEW,드라마,2012-12-19,120분,15세 관람가,정기훈,1178641.33333333,3,264,2,2475797명
87,먹이사슬,노바엔터테인먼트,멜로/로맨스,2014-09-17,100분,청소년 관람불가,한동호,,0,0,6,2070명
88,야누스: 욕망의 두 얼굴,(주)패스파인더씨앤씨,미스터리,2014-08-14,83분,청소년 관람불가,손영국,332.0,1,0,3,4122명
89,거짓말,(주)대명문화공장,드라마,2015-10-29,98분,청소년 관람불가,김동명,7763.0,1,72,2,5212명
90,인간중독,NEW,드라마,2014-05-14,132분,청소년 관람불가,김대우,1322801.0,4,379,4,1441990명
91,무적자,CJ 엔터테인먼트,액션,2010-09-16,124분,15세 관람가,송해성,1163526.33333333,3,546,4,1546132명
92,두 번의 결혼식과 한 번의 장례식,영화사 진진,코미디,2012-06-21,106분,15세 관람가,김조광수,,0,155,4,51120명
93,화창한 그날들,(주)온비즈넷,공포,2014-03-14,90분,청소년 관람불가,방현준,,0,12,3,310명
94,렛 미 아웃,백두대간,드라마,2013-08-15,97분,12세 관람가,소재영,922680.0,1,29,2,1040명
95,경복,KT&G 상상마당,드라마,2013-07-11,69분,15세 관람가,최시형,,0,17,2,651명
96,잉투기,무비꼴라쥬,액션,2013-11-14,98분,15세 관람가,엄태화,,0,65,3,17341명
97,사이비,NEW,애니메이션,2013-11-21,100분,청소년 관람불가,연상호,,0,136,4,22525명
98,두 개의 달,롯데엔터테인먼트,미스터리,2012-07-12,86분,15세 관람가,김동빈,321.0,1,167,4,426706명
99,신이 보낸 사람,(주)마운틴픽쳐스,드라마,2014-02-13,112분,15세 관람가,김진무,,0,138,1,424778명
100,26년,인벤트 디,액션,2012-11-29,135분,15세 관람가,조근현,2636385.0,1,365,3,2963652명
101,관상,(주)쇼박스,드라마,2013-09-11,139분,15세 관람가,한재림,1242778.0,2,298,6,9135806명
102,비념,인디스토리,다큐멘터리,2013-04-03,93분,15세 관람가,임흥순,,0,21,2,2344명
103,퇴마: 무녀굴,씨네그루(주)키다리이엔티,공포,2015-08-20,105분,15세 관람가,김휘,2043525.6,5,360,6,120806명
104,풍산개,(주)NEW,드라마,2011-06-23,121분,청소년 관람불가,전재홍,89858.0,1,95,2,714136명
105,맨홀,롯데엔터테인먼트,공포,2014-10-08,101분,청소년 관람불가,신재영,,0,350,3,133665명
106,봄,스튜디오후크,드라마,2014-11-20,102분,청소년 관람불가,조근현,2800018.5,2,216,3,14780명
107,미국의 바람과 불,시네마 달,다큐멘터리,2012-07-26,118분,15세 관람가,김경만,,0,6,0,652명
108,레드마리아,시네마 달,다큐멘터리,2012-04-26,98분,15세 관람가,경순,10393.5,2,4,10,2119명
109,카페 서울,나이너스엔터테인먼트(주),드라마,2010-01-02,94분,12세 관람가,타케 마사하루,,0,41,2,353명
110,차형사,CJ 엔터테인먼트,코미디,2012-05-30,110분,15세 관람가,신태라,1322196.0,1,391,5,1346754명
111,여행,스폰지,드라마,2010-05-20,148분,전체 관람가,배창호,,0,61,6,485명
112,범죄와의 전쟁: 나쁜놈들 전성시대,(주)쇼박스,느와르,2012-02-02,133분,청소년 관람불가,윤종빈,719587.0,1,308,2,4720050명
113,"열여덟, 열아홉",(주)키노아이,멜로/로맨스,2012-03-01,94분,15세 관람가,배광수,817317.666666667,3,96,5,1501명
114,무명인,롯데엔터테인먼트,미스터리,2014-05-29,120분,15세 관람가,김성수,20.0,1,262,2,3199명
115,북촌방향,(주) 영화사조제,드라마,2011-09-08,79분,청소년 관람불가,홍상수,,0,55,5,46212명
116,오늘의 연애,CJ 엔터테인먼트,멜로/로맨스,2015-01-14,118분,15세 관람가,박진표,1702621.66666667,3,397,4,1892125명
117,그 사람 그 사랑 그 세상,THE 픽쳐스,다큐멘터리,2014-11-20,82분,전체 관람가,권혁만,,0,1,4,42337명
118,라스트 갓파더,영구아트무비,코미디,2010-12-29,103분,12세 관람가,심형래,7855474.0,1,31,5,2541603명
119,소녀괴담,리틀빅픽쳐스,공포,2014-07-02,90분,15세 관람가,오인천,,0,268,2,481707명
120,미스진은 예쁘다,어뮤즈,드라마,2013-03-14,98분,12세 관람가,장희철,,0,13,2,2186명
121,개똥이,(주)마운틴픽쳐스,드라마,2013-09-05,81분,청소년 관람불가,김병준,467697.0,1,34,5,831명
122,변호인,(주)NEW,드라마,2013-12-18,127분,15세 관람가,양우석,,0,311,5,11374879명
123,아빠를 빌려드립니다,메가박스(주)플러스엠,드라마,2014-11-20,112분,12세 관람가,김덕수,1595962.33333333,3,295,5,172652명
124,역린,롯데엔터테인먼트,드라마,2014-04-30,135분,15세 관람가,이재규,201.0,1,650,5,3849696명
125,하쿠나 마타타 - 지라니 이야기,이모션 픽처스,다큐멘터리,2010-12-09,90분,전체 관람가,이창규,,0,0,6,1253명
126,"울지마, 톤즈",(주)마운틴픽쳐스,다큐멘터리,2010-09-09,91분,전체 관람가,구수환,,0,1,2,444327명
127,심장이 뛰네,(주)키노아이,드라마,2011-07-28,105분,청소년 관람불가,허은희,,0,50,5,677명
128,조선명탐정 : 각시투구꽃의 비밀,쇼박스(주)미디어플렉스,코미디,2011-01-27,115분,12세 관람가,김석윤,,0,335,3,4786259명
129,기생령,(주)이스트스카이필름,공포,2011-08-05,92분,청소년 관람불가,고석진,,0,88,4,96992명
130,고녀석 맛나겠다2 : 함께라서 행복해,리틀빅픽처스,애니메이션,2015-07-29,80분,전체 관람가,최경석,,0,5,10,56105명
131,피에타,(주)NEW,드라마,2012-09-06,104분,청소년 관람불가,김기덕,,0,119,2,603283명
132,나의 독재자,롯데엔터테인먼트,드라마,2014-10-30,127분,15세 관람가,이해준,604486.0,5,459,2,386074명
133,심도,CJ 엔터테인먼트,드라마,2011-03-17,121분,청소년 관람불가,하마구치 류스케,,0,92,4,74명
134,이별계약,CJ 엔터테인먼트,드라마,2013-06-20,103분,12세 관람가,오기환,331574.5,2,6,3,18343명
135,방가? 방가!,시너지,코미디,2010-09-30,110분,12세 관람가,육상효,703507.0,1,238,7,972431명
136,아버지의 이메일,인디스토리,다큐멘터리,2014-04-24,90분,12세 관람가,홍재희,,0,47,4,4343명
137,죽이고 싶은,롯데엔터테인먼트,공포,2010-08-26,92분,청소년 관람불가,조원희,,0,252,2,130784명
138,거인,필라멘트 픽쳐스,드라마,2014-11-13,108분,12세 관람가,김태용,4074.0,2,244,3,24020명
139,고지전,(주)쇼박스,액션,2011-07-20,133분,15세 관람가,장훈,2266504.33333333,3,238,11,2945151명
140,미나문방구,롯데엔터테인먼트,드라마,2013-05-16,106분,전체 관람가,정익환,752976.0,2,243,2,334323명
141,하이프 네이션 : 힙합사기꾼,인벤트 디,느와르,2014-01-16,84분,청소년 관람불가,박형우,,0,6,3,3996명
142,Mr.아이돌,시너지,드라마,2011-11-03,114분,12세 관람가,라희찬,1648547.0,3,485,3,74261명
143,시선,나이너스엔터테인먼트(주),드라마,2014-04-16,89분,12세 관람가,이장호,146455.666666667,3,106,1,12950명
144,어우동: 주인 없는 꽃,조이앤컨텐츠그룹,멜로/로맨스,2015-01-29,101분,청소년 관람불가,이수성,10692.6666666667,3,29,5,13240명
145,돼지의 왕,KT&G 상상마당,애니메이션,2011-11-03,96분,청소년 관람불가,연상호,,0,82,5,19896명
146,통증,롯데엔터테인먼트,드라마,2011-09-07,104분,15세 관람가,곽경택,,0,351,3,700272명
147,정글피쉬2,(주)마운틴픽쳐스,드라마,2011-03-03,101분,15세 관람가,김정환,,0,111,5,335명
148,소셜포비아,CGV아트하우스,공포,2015-03-12,102분,15세 관람가,홍석재,17341.0,1,208,10,251551명
149,못,(주)마운틴픽쳐스,드라마,2014-11-20,109분,15세 관람가,서호빈,,0,118,4,2386명
150,완벽한 파트너,타임스토리그룹,코미디,2011-11-17,120분,청소년 관람불가,박헌수,,0,60,4,90370명
151,희망의 별 - 이퀘지레템바,마운틴 픽처스,다큐멘터리,2010-10-07,85분,전체 관람가,이홍석,59648.5,2,1,2,1298명
152,귀접,(주)휘엔터테인먼트,드라마,2014-05-29,84분,청소년 관람불가,이현철,176079.5,2,56,4,228명
153,첫사랑 열전,웃기씨네,멜로/로맨스,2010-05-05,114분,15세 관람가,박범훈,,0,136,7,408명
154,우리는 그곳에 있었다,(주)마운틴픽쳐스,다큐멘터리,2013-07-18,82분,전체 관람가,박준기,,0,17,5,1581명
155,슈퍼스타,(주)마운틴픽쳐스,코미디,2012-06-07,94분,15세 관람가,임진순,,0,17,2,1575명
156,슬로우 비디오,이십세기폭스코리아(주),드라마,2014-10-02,106분,12세 관람가,김영탁,1764377.33333333,3,261,2,1169546명
157,챔프,(주)쇼박스,드라마,2011-09-07,133분,12세 관람가,이환경,819049.5,2,92,4,535657명
158,멋진 인생,(주) 영화사조제,뮤지컬,2011-06-09,100분,12세 관람가,신춘수,,0,4,4,3089명
159,나도 때론 포르노그라피의 주인공이고 싶다,(주)피터팬픽쳐스,멜로/로맨스,2015-11-12,82분,청소년 관람불가,장성수,846903.0,1,1,2,961명
160,어쿠스틱,(주)키노아이,드라마,2010-10-28,88분,12세 관람가,유상헌,45442.0,1,136,5,7908명
161,아부의 왕,롯데엔터테인먼트,코미디,2012-06-21,118분,15세 관람가,정승구,1604439.0,1,260,6,497880명
162,설지,BoXoo 엔터테인먼트,드라마,2015-11-26,97분,12세 관람가,박진순,122238.333333333,3,51,3,380명
163,그리움의 종착역,에스와이코마드,다큐멘터리,2012-05-24,99분,전체 관람가,조성형,,0,2,6,163명
164,지금은맞고그때는틀리다,(주)NEW,드라마,2015-09-24,121분,청소년 관람불가,홍상수,39317.0,1,16,2,80734명
165,그리울 련,(주)더픽쳐스,SF,2015-08-13,84분,12세 관람가,한철수,,0,34,3,429명
166,7광구,CJ E&M 영화부문,SF,2011-08-04,112분,15세 관람가,김지훈,3640579.0,2,59,5,2242510명
167,모래가 흐르는 강,시네마 달,다큐멘터리,2013-03-28,75분,전체 관람가,지율스님,,0,11,0,10942명
168,망대,골든타이드픽처스,다큐멘터리,2015-03-12,66분,전체 관람가,문승욱,,0,13,0,65명
169,아이들...,롯데엔터테인먼트,느와르,2011-02-17,132분,15세 관람가,이규만,,0,423,5,1867849명
170,폭풍전야,오퍼스픽쳐스,멜로/로맨스,2010-04-01,104분,청소년 관람불가,조창호,1047.0,1,239,2,51760명
171,아일랜드 - 시간을 훔치는 섬,(주)고앤고 필름,미스터리,2015-11-26,107분,15세 관람가,박진성,322708.5,2,6,2,948명
172,들꽃,인디플러그,드라마,2015-11-05,114분,청소년 관람불가,박석영,,0,53,5,1295명
173,법정스님의 의자,(주)키노아이,다큐멘터리,2011-05-12,75분,전체 관람가,임성구,,0,0,2,9438명
174,위험한 상견례 2,롯데엔터테인먼트,멜로/로맨스,2015-04-29,119분,15세 관람가,김진영,809760.8,5,372,5,472695명
175,악인은 너무 많다,어뮤즈,느와르,2011-12-15,75분,청소년 관람불가,김회근,1681556.0,2,26,4,809명
176,여덟 번의 감정,스폰지,드라마,2010-09-30,91분,15세 관람가,성지혜,38.5,2,83,3,933명
177,90분,사람과 사람들,공포,2012-08-23,94분,청소년 관람불가,박선욱,,0,55,2,42명
178,조선명탐정 : 사라진 놉의 딸,(주)쇼박스,코미디,2015-02-11,125분,12세 관람가,김석윤,,0,456,3,3872015명
179,응징자,인벤트 디,액션,2013-10-30,103분,청소년 관람불가,신재호,44448.5,2,151,3,192347명
180,내 깡패 같은 애인,(주)JK필름,코미디,2010-05-20,105분,15세 관람가,김광식,,0,326,2,688639명
181,결혼전야,씨너스엔터테인먼트(주),멜로/로맨스,2013-11-21,118분,15세 관람가,홍지영,661220.5,2,224,9,1214839명
182,혈투,KT,액션,2011-02-24,111분,15세 관람가,박훈정,2270048.5,2,306,3,43947명
183,고사 두 번째 이야기: 교생실습,NEW,공포,2010-07-28,84분,15세 관람가,유선동,574101.0,2,307,5,857038명
184,그랑프리,KT,드라마,2010-09-16,109분,12세 관람가,양윤호,,0,358,2,167024명
185,파닥파닥,인디스토리,애니메이션,2012-07-25,78분,12세 관람가,이대희,,0,2,6,13429명
186,나탈리,롯데엔터테인먼트,멜로/로맨스,2010-10-28,88분,청소년 관람불가,주경중,17.0,1,214,4,94875명
187,잠 못 드는 밤,인디스토리,드라마,2013-05-30,65분,청소년 관람불가,장건재,,0,30,2,2270명
188,권법형사 : 차이나타운,골든타이드픽처스,액션,2015-07-09,83분,청소년 관람불가,박상현,,0,151,2,257명
189,명왕성,싸이더스FNH,드라마,2013-07-11,107분,15세 관람가,신수원,771699.0,1,129,3,16866명
190,부러진 화살,(주)NEW,드라마,2012-01-18,100분,15세 관람가,정지영,,0,207,4,3460212명
191,꾸루꾸루와 친구들: 무지개 나무의 비밀,(주)팝엔터테인먼트,애니메이션,2015-11-19,74분,전체 관람가,문제대,,0,0,4,7408명
192,레드카펫,(주)프레인글로벌,멜로/로맨스,2014-10-23,117분,15세 관람가,박범수,,0,270,2,316955명
193,러브멘토,나우콘텐츠,멜로/로맨스,2014-04-17,74분,청소년 관람불가,신혜성,1556.0,1,0,2,54명
194,미션스쿨,홀리가든,드라마,2015-10-15,62분,12세 관람가,강의석,,0,3,2,152명
195,쥬로링 동물탐정 극장판,롯데엔터테인먼트,애니메이션,2014-12-18,75분,전체 관람가,이종현,,0,200,6,25391명
196,사토미를 찾아라,(주) 브릿지웍스,코미디,2014-10-16,88분,청소년 관람불가,New Pistol,,0,48,8,2595명
197,만신,(주)엣나인필름,다큐멘터리,2014-03-06,104분,15세 관람가,박찬경,,0,227,4,36535명
198,18: 우리들의 성장 느와르,어뮤즈,느와르,2014-08-14,104분,청소년 관람불가,한윤선,35348.0,1,126,3,1124명
199,시티 오브 크레인,위더스필름,드라마,2010-05-06,95분,12세 관람가,문승욱,,0,65,3,90명
200,돌연변이,필라멘트 픽쳐스,드라마,2015-10-22,93분,12세 관람가,권오광,,0,282,3,100543명
201,강남 1970,(주)쇼박스,액션,2015-01-21,135분,청소년 관람불가,유하,1949111.0,4,719,3,2192276명
202,사랑해! 진영아,인디스토리,드라마,2013-11-07,102분,15세 관람가,이성은,7.0,1,112,5,4941명
203,논픽션 다이어리,영화사 진진,다큐멘터리,2014-07-17,93분,15세 관람가,정윤석,891.0,1,43,8,6389명
204,다이빙벨: 진실은 침몰하지 않습니다,시네마달,다큐멘터리,2014-10-23,77분,15세 관람가,이상호,,0,35,1,50308명
205,소중한 날의 꿈,(주)에이원 엔터테인먼트,애니메이션,2011-06-23,98분,전체 관람가,안재훈,,0,5,6,53235명
206,또 하나의 약속,OAL(올),드라마,2014-02-06,120분,12세 관람가,김태윤,1029415.66666667,3,71,6,497994명
207,소규모 아카시아 밴드 이야기,이모션 픽처스,다큐멘터리,2010-01-14,90분,12세 관람가,민환기,,0,18,7,791명
208,하녀,싸이더스,공포,2010-05-13,106분,청소년 관람불가,임상수,285381.0,1,302,4,2267579명
209,이끼,시네마서비스,드라마,2010-07-14,163분,청소년 관람불가,강우석,,0,353,8,3350311명
210,살인재능,인디스토리,공포,2015-07-30,103분,청소년 관람불가,전재홍,401997.0,2,111,2,1536명
211,한여름의 판타지아,인디스토리,드라마,2015-06-11,97분,전체 관람가,장건재,,0,7,3,36841명
212,땅의 여자,시네마 달,다큐멘터리,2010-09-09,95분,전체 관람가,권우정,,0,7,3,2418명
213,세계일주,타임스토리그룹,SF,2015-03-26,91분,12세 관람가,이항배,358299.0,1,92,3,4449명
214,초능력자,(주)NEW,SF,2010-11-10,114분,15세 관람가,김민석,8801639.0,2,500,3,2130645명
215,짓2: 붉은 낙타,드림팩트 엔터테인먼트,멜로/로맨스,2015-08-06,84분,청소년 관람불가,노진수,,0,44,3,808명
216,나비와 바다,시네마 달,다큐멘터리,2013-01-24,89분,12세 관람가,박배일,,0,6,2,1240명
217,함정,인벤트 디,공포,2015-09-10,96분,청소년 관람불가,권형진,462623.0,1,156,4,257996명
218,고령화 가족,CJ 엔터테인먼트,드라마,2013-05-09,112분,15세 관람가,송해성,1259177.75,4,310,5,1141222명
219,집으로 가는 길,CJ 엔터테인먼트,드라마,2013-12-11,131분,15세 관람가,방은진,846582.0,2,343,2,1854711명
220,런닝맨,이십세기폭스코리아(주),액션,2013-04-04,127분,15세 관람가,조동오,473852.33333333296,3,307,5,1422844명
221,뽕똘,영화사 진진,코미디,2011-08-25,90분,12세 관람가,오멸,,0,7,5,1356명
222,바다,(주)마운틴픽쳐스,드라마,2011-09-01,98분,12세 관람가,윤태식,,0,17,3,1198명
223,다우더,어뮤즈,드라마,2014-11-06,84분,15세 관람가,구혜선,,0,109,4,3789명
224,"시바, 인생을 던져",인디플러그,드라마,2013-12-19,98분,15세 관람가,이성규,4611.0,1,11,4,5105명
225,생생활활,(주)팝엔터테인먼트,드라마,2013-03-21,100분,청소년 관람불가,박철수,,0,38,6,294명
226,육혈포 강도단,전망좋은영화사,느와르,2010-03-18,107분,15세 관람가,강효진,37518.0,1,318,3,1214237명
227,나를 닮은 얼굴,영화사 진진,다큐멘터리,2010-09-30,75분,전체 관람가,태미 추,,0,3,2,893명
228,회복,스토리셋,다큐멘터리,2010-01-14,94분,12세 관람가,김종철,,0,54,1,155281명
229,메이드 인 차이나,김기덕 필름,드라마,2015-06-25,100분,청소년 관람불가,김동후,,0,124,2,419명
230,이층의 악당,KT,코미디,2010-11-24,115분,15세 관람가,손재곤,2077590.0,1,428,2,596864명
231,뒷담화: 감독이 미쳤어요,필라멘트 픽쳐스,드라마,2013-02-28,85분,12세 관람가,이재용,495068.5,2,173,14,5317명
232,에일리언 비키니,인디스토리,SF,2011-08-25,75분,청소년 관람불가,오영두,430920.5,2,6,2,1089명
233,친애하는 지도자동지께,이상우필름,드라마,2015-12-31,99분,청소년 관람불가,이상우,,0,40,3,339명
234,죽지않아,씨네굿필름,공포,2013-08-08,107분,청소년 관람불가,황철민,,0,14,3,1426명
235,왕자가 된 소녀들,영희야놀자,다큐멘터리,2013-04-18,79분,전체 관람가,김혜정,,0,18,6,1806명
236,꿍따리 유랑단,(주)키노아이,다큐멘터리,2011-12-01,72분,전체 관람가,김영진,,0,3,7,179명
237,관계,(주) 브릿지웍스,멜로/로맨스,2014-08-27,91분,청소년 관람불가,김명서,,0,57,3,2146명
238,미쓰 마마,찬란,다큐멘터리,2012-10-18,82분,15세 관람가,백연아,2914.0,1,0,4,1526명
239,개: dog eat dog,어썸 피플,느와르,2015-03-05,101분,청소년 관람불가,황욱,,0,58,5,1504명
240,"씨, 베토벤",인디스토리,드라마,2014-03-27,90분,15세 관람가,민복기,,0,34,4,842명
241,곤충왕국 3D,골든타이드픽처스,다큐멘터리,2014-08-14,85분,전체 관람가,김진만,11871.0,1,1,3,11263명
242,나는 나비,인디플러그,다큐멘터리,2010-12-02,101분,전체 관람가,정흠문,,0,37,4,4746명
243,파티51,인디스토리,다큐멘터리,2014-12-11,102분,청소년 관람불가,정용택,,0,41,7,2788명
244,그대를 사랑합니다,(주)NEW,드라마,2011-02-17,118분,15세 관람가,추창민,1552541.0,2,304,4,1649407명
245,기적의 피아노,롯데엔터테인먼트,다큐멘터리,2015-09-03,80분,전체 관람가,임성구,9438.0,1,2,5,8567명
246,풍경,인디스토리,다큐멘터리,2013-12-12,96분,전체 관람가,장률,,0,4,14,2178명
247,마이 플레이스,KT&G 상상마당,다큐멘터리,2014-01-30,77분,전체 관람가,박문칠,399.0,2,17,1,2951명
248,철암 계곡의 혈투,인디스토리,액션,2012-07-12,89분,청소년 관람불가,지하진,,0,5,2,1002명
249,기화,아방가르드 필름,드라마,2015-02-26,127분,청소년 관람불가,문정윤,,0,74,4,831명
250,배꼽과 무릎사이,스크린조이,멜로/로맨스,2014-05-22,67분,청소년 관람불가,이숭환,,0,18,3,7448명
251,로사,와이드릴리즈(주),드라마,2014-05-29,86분,청소년 관람불가,맹관표,50699.0,1,89,3,1831명
252,나는 왕이로소이다,롯데엔터테인먼트,드라마,2012-08-08,120분,12세 관람가,장규성,1013172.0,2,402,7,790181명
253,시간의 숲,tvN,다큐멘터리,2012-04-19,96분,12세 관람가,송일곤,348084.0,3,2,2,1556명
254,특수본,롯데엔터테인먼트,액션,2011-11-24,111분,15세 관람가,황병국,,0,253,6,1118258명
255,누구에게나 찬란한,CGV아트하우스,다큐멘터리,2014-11-06,87분,전체 관람가,임유철,227304.0,1,125,4,21002명
256,태아 3D,(주)팝엔터테인먼트,다큐멘터리,2013-04-18,80분,전체 관람가,표만석,,0,15,2,712명
257,러시안 소설,KT&G 상상마당,드라마,2013-09-19,140분,15세 관람가,신연식,,0,29,2,5992명
258,노리개,인벤트 디,드라마,2013-04-18,95분,청소년 관람불가,최승호,5741.0,2,97,4,169064명
259,한공주,무비꼴라쥬,드라마,2014-04-17,112분,청소년 관람불가,이수진,1174495.0,1,183,3,225839명
260,우리들의 헤어진 여자친구,골든타이드픽처스,멜로/로맨스,2013-08-29,89분,청소년 관람불가,이광호,,0,1,5,599명
261,비밀애,시너지,멜로/로맨스,2010-03-25,111분,청소년 관람불가,류훈,1799447.0,1,333,2,164252명
262,굿바이 그리고 헬로우,(주) 액티버스엔터테인먼트,드라마,2015-12-24,82분,12세 관람가,한창근,,0,23,4,329명
263,은밀한 방문자,(주) 케이알씨지,멜로/로맨스,2015-09-16,72분,청소년 관람불가,윤여창,988.0,1,20,4,397명
264,지구대표 롤링스타즈,롯데엔터테인먼트,애니메이션,2011-03-24,83분,전체 관람가,임상준,,0,2,9,35578명
265,젊은엄마 : 내 나이가 어때서,골든타이드픽처스,드라마,2015-05-07,95분,청소년 관람불가,김일종,187048.0,2,19,2,916명
266,프랑스인 김명실,어뮤즈,다큐멘터리,2014-06-26,75분,전체 관람가,이지현,,0,20,3,241명
267,"님아, 그 강을 건너지 마오",CGV아트하우스,다큐멘터리,2014-11-27,86분,전체 관람가,진모영,5105.0,1,3,2,4802169명
268,분노의 윤리학,롯데엔터테인먼트,느와르,2013-02-21,110분,청소년 관람불가,박명랑,151105.0,1,215,5,225618명
269,가시,인벤트 디,서스펜스,2014-04-10,117분,청소년 관람불가,김태균,,0,207,2,142170명
270,참을 수 없는,시너지,멜로/로맨스,2010-10-21,114분,청소년 관람불가,권칠인,,0,292,4,75740명
271,안녕? 오케스트라,영화사 진진,다큐멘터리,2013-11-28,85분,전체 관람가,이철하,,0,1,1,15530명
272,위선자들,더픽쳐스/(주)마운틴픽쳐스,드라마,2015-11-26,104분,청소년 관람불가,김진홍,57943.0,1,63,8,9566명
273,퀴즈왕,시네마서비스,코미디,2010-09-16,121분,15세 관람가,장진,,0,273,13,573001명
274,탐욕의 제국,시네마달,다큐멘터리,2014-03-06,92분,12세 관람가,홍리경,,0,7,3,5808명
275,아름다운 유산,제나두 엔터테인먼트,드라마,2011-04-14,104분,전체 관람가,김창만,,0,0,6,678명
276,흉터,(주)키노아이,드라마,2011-10-13,65분,15세 관람가,임우성,,0,17,2,256명
277,군사통제구역 팔이공지대,골든타이드픽처스,미스터리,2013-07-25,89분,청소년 관람불가,구모,,0,12,3,813명
278,감기,(주)아이필름코퍼레이션,드라마,2013-08-14,121분,15세 관람가,김성수,72.5,2,458,3,3117859명
279,숫호구,(주)엣나인필름,코미디,2014-08-07,80분,청소년 관람불가,백승기,,0,48,3,2117명
280,반짝이는 박수 소리,KT&G 상상마당,다큐멘터리,2015-04-23,80분,전체 관람가,이길보라,,0,16,4,5648명
281,태양을 쏴라,조이앤시네마,멜로/로맨스,2015-03-19,87분,청소년 관람불가,김태식,,0,100,2,17444명
282,들개,무비꼴라쥬,드라마,2014-04-03,102분,청소년 관람불가,김정훈,,0,143,2,3333명
283,착한 처제,쟈비스미디어,드라마,2015-11-19,97분,청소년 관람불가,강훈,,0,0,2,588명
284,모차르트 타운,트리필름,드라마,2011-09-15,90분,청소년 관람불가,전규환,,0,16,3,446명
285,파일:4022일의 사육,골든타이드픽처스,미스터리,2015-12-10,92분,청소년 관람불가,박용집,695201.5,2,103,3,1414명
286,밍크코트,인디스토리,드라마,2012-01-12,91분,15세 관람가,신아가,736729.5,2,9,4,3223명
287,남자가 사랑할 때,(주)NEW,드라마,2014-01-22,120분,15세 관람가,한동욱,2723028.0,1,433,2,1980050명
288,타워,CJ E&M 영화부문,드라마,2012-12-25,121분,12세 관람가,김지훈,2849087.5,4,126,3,5181014명
289,소명 하늘의 별,에스피엠,다큐멘터리,2013-03-21,75분,12세 관람가,신현원,30751.5,2,3,5,11666명
290,훈장과 악동들,어뮤즈,다큐멘터리,2011-10-27,92분,전체 관람가,김봉곤,,0,0,1,39916명
291,여의도,어뮤즈,드라마,2010-12-02,87분,청소년 관람불가,송정우,,0,178,4,5322명
292,내 심장을 쏴라,(주)리틀빅픽처스,드라마,2015-01-28,102분,15세 관람가,문제용,1112957.66666667,3,273,2,387408명
293,멜로,BoXoo 엔터테인먼트,드라마,2014-04-24,119분,청소년 관람불가,이로이,,0,105,2,385명
294,패밀리마트,건시네마,드라마,2010-11-25,91분,청소년 관람불가,김건,,0,90,4,162명
295,통통한 혁명,(주)마운틴픽쳐스,멜로/로맨스,2012-08-02,85분,12세 관람가,민두식,,0,50,2,557명
296,가시꽃,인디스토리,드라마,2013-08-22,103분,청소년 관람불가,이돈구,,0,21,2,1759명
297,시라노; 연애조작단,롯데엔터테인먼트,멜로/로맨스,2010-09-16,117분,12세 관람가,김현석,1158640.0,2,342,8,2684798명
298,소수의견,시네마서비스,드라마,2015-06-24,126분,15세 관람가,김성제,481722.75,4,287,3,383582명
299,조난자들,CJ 엔터테인먼트,미스터리,2014-03-06,99분,15세 관람가,노영석,,0,199,2,13190명
300,오직 그대만,(주)쇼박스,멜로/로맨스,2011-10-20,105분,15세 관람가,송일곤,8235.0,2,110,2,1027782명
301,넛잡: 땅콩 도둑들,싸이더스,애니메이션,2014-01-29,86분,전체 관람가,피터 레페니오티스,,0,16,4,479280명
302,원 나잇 스탠드,KT&G 상상마당,드라마,2010-05-04,98분,청소년 관람불가,민용근,,0,106,10,2124명
303,가비,시네마서비스,미스터리,2012-03-15,115분,15세 관람가,장윤현,627301.666666667,3,95,4,270602명
304,60만번의 트라이,인디스토리,다큐멘터리,2014-09-18,106분,12세 관람가,박사유,,0,37,5,21483명
305,"자, 이제 댄스타임",키노엔터테인먼트,다큐멘터리,2014-06-26,83분,15세 관람가,조세영,891.0,1,51,2,1351명
306,천안함 프로젝트,(주)아우라픽처스,다큐멘터리,2013-09-05,75분,12세 관람가,백승우,332643.0,1,19,1,21317명
307,당신은 아름답다,마운틴 픽처스,다큐멘터리,2010-08-26,75분,전체 관람가,백승창,481459.25,4,0,1,240명
308,영화판,(주)마운틴픽쳐스,다큐멘터리,2012-12-06,83분,12세 관람가,허철,,0,25,2,1561명
309,레바논 감정,어뮤즈,공포,2014-02-27,106분,청소년 관람불가,정영헌,2972299.0,1,10,3,1523명
310,순수의 시대,CJ 엔터테인먼트,드라마,2015-03-05,113분,청소년 관람불가,안상훈,2367942.0,1,642,4,470308명
311,가자! 장미여관으로 2 - 갈증,에이블엔터테인먼트,멜로/로맨스,2014-04-10,87분,청소년 관람불가,김봉은,,0,27,4,3534명
312,집,CJ 엔터테인먼트,애니메이션,2011-03-17,83분,15세 관람가,박미선,,0,198,6,81명
313,미안해 사랑해 고마워,(주)쇼박스,드라마,2015-10-28,115분,15세 관람가,전윤수,1289931.5,2,356,6,51207명
314,"가자, 장미여관으로",드림로드,멜로/로맨스,2014-10-08,85분,청소년 관람불가,김봉은,,0,26,2,1533명
315,영건 탐정사무소,인디스토리,SF,2012-08-30,95분,청소년 관람불가,오영두,430920.5,2,31,4,957명
316,미션: 톱스타를 훔쳐라,드림팩트 엔터테인먼트,코미디,2015-09-03,85분,청소년 관람불가,노병하,,0,43,5,512명
317,무산일기,영화사 진진,드라마,2011-04-14,127분,15세 관람가,박정범,,0,77,3,11260명
318,심장이 뛴다,롯데엔터테인먼트,드라마,2011-01-05,114분,15세 관람가,윤재근,614697.5,2,364,2,1025243명
319,우쿨렐레 사랑모임,어뮤즈,다큐멘터리,2012-07-19,60분,전체 관람가,노효두,,0,2,5,328명
320,최종병기 활,롯데엔터테인먼트,액션,2011-08-10,122분,15세 관람가,김한민,2079989.0,1,687,4,7482180명
321,"안녕, 전우치! 도술로봇대결전",(주)리틀빅픽처스,애니메이션,2015-10-08,88분,전체 관람가,김대창,,0,5,6,13113명
322,히말라야,CJ 엔터테인먼트,드라마,2015-12-16,124분,12세 관람가,이석훈,3549473.0,4,520,2,7759711명
323,맛있는 인생,스폰지,드라마,2010-10-28,97분,15세 관람가,조성규,,0,66,2,900명
324,청아,인피니티엔터테인먼트,드라마,2014-09-25,92분,청소년 관람불가,김정호,,0,3,4,2명
325,내 남자의 순이,새인컴퍼니,코미디,2010-05-27,91분,15세 관람가,김호준,402735.33333333296,3,131,3,10449명
326,검은 사제들,CJ 엔터테인먼트,미스터리,2015-11-05,108분,15세 관람가,장재현,6720926.5,2,369,2,5443049명
327,춤추는 숲,스튜디오 느림보,다큐멘터리,2013-05-23,95분,전체 관람가,강석필,,0,18,4,8695명
328,배우는 배우다,(주)NEW,드라마,2013-10-24,98분,청소년 관람불가,신연식,,0,196,2,112029명
329,약장수,나이너스엔터테인먼트(주),드라마,2015-04-23,104분,15세 관람가,조치언,,0,193,3,44216명
330,마음이 2,롯데엔터테인먼트,드라마,2010-07-21,92분,전체 관람가,이정철,,0,359,5,696382명
331,다른나라에서,(주) 영화제작전원사,드라마,2012-05-31,89분,청소년 관람불가,홍상수,,0,70,2,31101명
332,철의 꿈,영화사 진진,다큐멘터리,2014-11-13,100분,전체 관람가,박경근,,0,33,1,1440명
333,블랙딜,인디플러그,다큐멘터리,2014-07-03,87분,12세 관람가,이조훈,,0,23,1,9301명
334,폴라로이드,와이드 릴리즈(주),드라마,2015-07-16,106분,전체 관람가,주호성,17857.0,1,7,3,12457명
335,붉은 바캉스 검은 웨딩 2,필름라인,공포,2013-11-28,88분,청소년 관람불가,최위안,,0,1,3,5100명
336,유신의 추억 - 다카키 마사오의 전성시대,M2픽처스,다큐멘터리,2012-11-22,75분,12세 관람가,이정황,,0,2,3,1045명
337,스톤,씨너스엔터테인먼트(주),드라마,2014-06-12,109분,15세 관람가,조세래,1124.0,1,204,3,18061명
338,타부 : 금지된 사랑,고구마공작소,멜로/로맨스,2015-09-03,78분,청소년 관람불가,고구마,17615314.0,1,27,3,8명
339,바보야,(주)마운틴픽쳐스,다큐멘터리,2011-04-21,73분,전체 관람가,강성옥,,0,0,2,17912명
340,너는 펫,롯데엔터테인먼트,멜로/로맨스,2011-11-10,110분,12세 관람가,김병곤,,0,92,2,543313명
341,그녀가 부른다,(주)미디어데이,멜로/로맨스,2013-12-26,97분,15세 관람가,박은형,409411.5,2,49,2,2802명
342,그리고 싶은 것,시네마달,다큐멘터리,2013-08-15,92분,전체 관람가,권효,891.0,1,24,4,5014명
343,야간비행,(주)엣나인필름,드라마,2014-08-28,134분,청소년 관람불가,이송희일,3154.0,2,139,5,9272명
344,48미터,CJ 엔터테인먼트,드라마,2013-07-04,97분,15세 관람가,민백두,57943.0,1,78,4,13886명
345,"빗자루, 금붕어 되다",마노엔터테인먼트,드라마,2010-09-30,80분,15세 관람가,김동주,,0,20,3,742명
346,소와 함께 여행하는 법,롯데엔터테인먼트,드라마,2010-11-03,108분,15세 관람가,임순례,20380.0,1,263,3,16096명
347,홍길동 2084,타임스토리그룹,애니메이션,2011-08-18,85분,전체 관람가,이정인,,0,2,5,4586명
348,결정적 한방,화앤담이엔티,드라마,2011-12-07,100분,15세 관람가,박중구,,0,237,4,60944명
349,필름시대사랑,(주)스마일이엔티,드라마,2015-10-22,70분,15세 관람가,장률,,0,94,4,1611명
350,페이스메이커,시너지,드라마,2012-01-18,124분,12세 관람가,김달중,,0,496,4,467697명
351,"굿바이, 평양",(주)키노아이,다큐멘터리,2011-03-03,82분,전체 관람가,양영희,2497.0,1,17,5,2969명
352,몬스터,롯데엔터테인먼트,공포,2014-03-13,114분,청소년 관람불가,황인호,1264761.5,4,336,3,526547명
353,시,(주)NEW,드라마,2010-05-13,139분,15세 관람가,이창동,99430.0,1,310,1,218898명
354,소명 2 - 모겐족의 월드컵,에스피엠,다큐멘터리,2010-04-01,92분,전체 관람가,신현원,,0,15,6,29668명
355,오디세오,(주)패뷸러스,뮤지컬,2015-10-22,80분,전체 관람가,정성복,,0,0,0,862명
356,경성학교: 사라진 소녀들,롯데엔터테인먼트,미스터리,2015-06-18,99분,15세 관람가,이해영,917362.2,5,284,3,356436명
357,친정엄마,싸이더스 FNH,드라마,2010-04-22,108분,전체 관람가,유성엽,,0,240,2,472009명
358,카운트다운,NEW,액션,2011-09-29,119분,청소년 관람불가,허종호,1086916.0,2,109,2,471547명
359,연애의 기술,(주)팝엔터테인먼트,멜로/로맨스,2013-10-30,91분,청소년 관람불가,이수성,11577.5,2,2,3,8923명
360,쎄시봉,CJ 엔터테인먼트,멜로/로맨스,2015-02-05,122분,15세 관람가,김현석,1468215.75,4,566,8,1715370명
361,더 폰,(주)NEW,액션,2015-10-22,114분,15세 관람가,김봉주,2500135.0,4,437,3,1596762명
362,도둑들,(주)쇼박스,느와르,2012-07-25,135분,15세 관람가,최동훈,2564691.66666667,3,462,10,12983841명
363,꿈의 공장,시네마달,다큐멘터리,2011-09-01,87분,12세 관람가,김성균,,0,6,8,888명
364,달팽이의 별,영화사 조아,멜로/로맨스,2012-03-22,85분,전체 관람가,이승준,,0,21,2,20081명
365,경주,인벤트 디,드라마,2014-06-12,145분,15세 관람가,장률,,0,85,4,63517명
366,계몽영화,인디스토리,드라마,2010-09-16,121분,15세 관람가,박동훈,,0,212,5,2493명
367,치외법권,판씨네마(주),액션,2015-08-27,104분,15세 관람가,신재호,93748.0,3,253,2,346483명
368,친절한 가정부,BoXoo 엔터테인먼트,코미디,2015-02-26,75분,청소년 관람불가,노진수,,0,4,4,166명
369,잉여들의 히치하이킹,무비꼴라쥬,다큐멘터리,2013-11-28,105분,12세 관람가,이호재,,0,1,4,29478명
370,녹색의자 2013 - 러브 컨셉츄얼리,(주)마운틴픽쳐스,멜로/로맨스,2013-10-31,97분,청소년 관람불가,박철수,,0,42,2,366명
371,사사건건,KT&G 상상마당,드라마,2010-01-21,91분,청소년 관람불가,이정욱,,0,148,8,1143명
372,국제시장,CJ 엔터테인먼트,드라마,2014-12-17,126분,12세 관람가,윤제균,,0,869,4,14262766명
373,"앵두야, 연애하자",홀리가든,드라마,2013-06-06,98분,15세 관람가,정하린,,0,34,4,3177명
374,비치하트애솔,골든타이드픽처스,드라마,2015-01-29,100분,청소년 관람불가,이난,517314.66666666704,3,101,2,279명
375,행복한 울릉인,마운틴 픽처스,다큐멘터리,2010-02-25,76분,전체 관람가,황석호,,0,3,2,1068명
376,뭘 또 그렇게까지,스폰지,멜로/로맨스,2010-04-29,78분,12세 관람가,전계수,8052.5,2,69,3,409명
377,내부자들: 디 오리지널,(주)쇼박스,느와르,2015-12-31,180분,청소년 관람불가,우민호,3131902.0,3,382,3,2084844명
378,열한시,CJ 엔터테인먼트,공포,2013-11-28,99분,15세 관람가,김현석,1667359.33333333,3,277,3,870785명
379,미확인 동영상 : 절대클릭금지,(주)쇼박스,공포,2012-05-30,93분,15세 관람가,김태경,362290.0,2,197,3,867386명
380,화장,리틀빅픽쳐스,드라마,2015-04-09,94분,청소년 관람불가,임권택,138190.0,1,309,3,142609명
381,마당을 나온 암탉,롯데엔터테인먼트,애니메이션,2011-07-28,93분,전체 관람가,오성윤,,0,36,5,2202788명
382,퍼펙트 게임,롯데엔터테인먼트,드라마,2011-12-21,127분,12세 관람가,박희곤,1187684.0,1,134,3,1507084명
383,여배우는 너무해,인벤트 디,멜로/로맨스,2014-02-27,95분,청소년 관람불가,유정환,1062385.66666667,3,129,2,2673명
384,복숭아나무,(주)NEW,드라마,2012-10-31,106분,15세 관람가,구혜선,,0,41,3,33902명
385,방독피,두 엔터테인먼트,미스터리,2013-08-22,123분,청소년 관람불가,김곡,,0,8,4,647명
386,캐릭터,(주) 영화사조제,드라마,2012-05-14,99분,12세 관람가,손광주,,0,14,2,110명
387,백프로,(주)마인스 엔터테인먼트,코미디,2014-04-03,109분,15세 관람가,김명균,462441.66666666704,3,191,6,37909명
388,공모자들,씨너스엔터테인먼트(주),느와르,2012-08-29,111분,청소년 관람불가,김홍선,,0,284,4,1646142명
389,무게,NEW,드라마,2013-11-07,108분,청소년 관람불가,전규환,,0,13,2,1161명
390,로맨스 조,씨네그루(주)키다리이엔티,드라마,2012-03-08,115분,15세 관람가,이광국,,0,49,4,3591명
391,명령불복종 교사,인디플러그,다큐멘터리,2015-05-14,96분,전체 관람가,서동일,,0,3,0,1827명
392,영도다리,(주)마운틴픽쳐스,드라마,2010-07-01,81분,청소년 관람불가,전수일,984.0,1,85,1,1693명
393,건축학개론,롯데엔터테인먼트,멜로/로맨스,2012-03-22,118분,12세 관람가,이용주,126062.0,2,288,4,4113446명
394,인피니트 콘서트 세컨드 인베이전 에볼루션 더 무비 3D,골든타이드픽처스,다큐멘터리,2012-10-18,98분,전체 관람가,손석,16844.0,1,0,1,39577명
395,주유소 습격사건 2,시네마서비스,코미디,2010-01-21,111분,15세 관람가,김상진,3907784.5,4,402,4,729834명
396,달빛 길어올리기,전주국제영화제,드라마,2011-03-17,118분,15세 관람가,임권택,138190.0,1,336,5,57261명
397,헬로우 고스트,NEW,코미디,2010-12-22,111분,12세 관람가,김영탁,1876998.66666667,3,369,6,3019960명
398,평양성,롯데엔터테인먼트,코미디,2011-01-27,117분,12세 관람가,이준익,,0,499,5,1717566명
399,피끓는 청춘,롯데엔터테인먼트,코미디,2014-01-22,121분,15세 관람가,이연우,3024666.0,1,298,4,1676040명
400,돈의 맛,시너지,드라마,2012-05-17,115분,청소년 관람불가,임상수,1276480.0,2,324,4,1166025명
401,야관문 : 욕망의 꽃,(주)마운틴픽쳐스,미스터리,2013-11-07,95분,청소년 관람불가,임경수,593867.0,1,30,2,6085명
402,열애,(주) 케이알씨지,멜로/로맨스,2014-07-23,84분,청소년 관람불가,이숭환,,0,42,3,1564명
403,설인,CJ 엔터테인먼트,SF,2013-03-14,91분,청소년 관람불가,이사무엘,57.0,1,162,2,988명
404,태어나서 미안해,CJ 엔터테인먼트,드라마,2012-03-08,80분,15세 관람가,최영석,,0,51,3,201명
405,깔깔깔 희망버스,(주)마운틴픽쳐스,다큐멘터리,2012-09-27,84분,15세 관람가,이수정,533.5,2,3,3,691명
406,내가 고백을 하면,(주)마인스엔터테인먼트,드라마,2012-11-15,100분,15세 관람가,조성규,,0,32,2,11969명
407,다이빙벨,시네마달,다큐멘터리,2014-10-23,77분,15세 관람가,이상호,,0,35,1,50308명
408,오피스,리틀빅픽처스,공포,2015-09-03,111분,15세 관람가,홍원찬,2888383.5,4,264,2,441208명
409,타짜-신의 손,롯데엔터테인먼트,드라마,2014-09-03,147분,청소년 관람불가,강형철,7838528.5,2,583,4,4015364명
410,전망 좋은 방-밀애,(주) 케이알씨지,멜로/로맨스,2012-11-08,71분,청소년 관람불가,이세일,,0,0,3,10명
411,핑크,(주)마운틴픽쳐스,드라마,2012-03-15,97분,청소년 관람불가,전수일,984.0,1,49,2,971명
412,코리아,CJ 엔터테인먼트,드라마,2012-05-03,127분,12세 관람가,문현성,2376429.33333333,3,419,2,1872682명
413,이쁜 것들이 되어라,무비꼴라쥬,멜로/로맨스,2014-04-17,99분,15세 관람가,한승훈,234261.0,1,54,3,542명
414,미스체인지,(주) 브릿지웍스,코미디,2013-09-05,100분,청소년 관람불가,정초신,813164.0,1,75,4,6054명
415,부귀영화,(주)마운틴픽쳐스,다큐멘터리,2012-10-25,85분,15세 관람가,인진미,,0,11,3,158명
416,은실이,CJ 엔터테인먼트,애니메이션,2012-03-08,71분,청소년 관람불가,김선아,,0,17,3,218명
417,허삼관,(주)NEW,드라마,2015-01-14,124분,12세 관람가,하정우,,0,412,2,956103명
418,오월愛,상구네 필름,다큐멘터리,2011-05-12,104분,전체 관람가,김태일,,0,4,0,4092명
419,꿈보다 해몽,KT&G 상상마당,드라마,2015-02-12,98분,15세 관람가,이광국,,0,91,3,4486명
420,마이 블랙 미니드레스,CJ 엔터테인먼트,드라마,2011-03-24,108분,15세 관람가,허인무,,0,399,4,313953명
421,마마 앤드 파파,케이엠스타,드라마,2010-05-20,117분,전체 관람가,장태령,,0,76,4,3099명
422,전설의 주먹,CJ 엔터테인먼트,액션,2013-04-10,153분,청소년 관람불가,강우석,844821.0,3,335,6,1744585명
423,들개들,골든타이드픽처스,공포,2014-01-23,99분,청소년 관람불가,하원준,38770.0,2,74,3,1617명
424,짐승,(주)키노아이,액션,2011-07-28,93분,청소년 관람불가,황유식,506419.0,2,54,2,480명
425,보라,시네마달,다큐멘터리,2011-11-24,136분,전체 관람가,이강현,,0,7,0,389명
426,환타스틱 러브짐: 전쟁 같은 사랑,(주)유비네트워크,코미디,2015-10-08,83분,청소년 관람불가,한우진,,0,7,7,303명
427,캠퍼스 S 커플,(주) 액티버스엔터테인먼트,멜로/로맨스,2014-05-15,108분,청소년 관람불가,송창용,664267.0,2,66,4,891명
428,한민족 그리고 조선족,한국YWCA연합회,다큐멘터리,2014-12-10,61분,전체 관람가,전화성,345.333333333333,3,2,6,71명
429,신의 한 수,(주)쇼박스,느와르,2014-07-03,118분,청소년 관람불가,조범구,1731903.0,2,418,5,3566844명
430,나는 야한 여자가 좋다 2,드림로드,멜로/로맨스,2014-10-01,80분,청소년 관람불가,김봉은,3534.0,1,26,2,1250명
431,투혼,시너지,드라마,2011-10-06,124분,전체 관람가,김상진,3907784.5,4,335,4,210970명
432,젊은 엄마 2,골든타이드픽처스,멜로/로맨스,2014-05-29,89분,청소년 관람불가,노성수,,0,0,1,1명
433,플랜맨,롯데엔터테인먼트,코미디,2014-01-09,115분,15세 관람가,성시흡,5046096.0,1,192,2,635744명
434,미스터 고,(주)쇼박스,드라마,2013-07-17,132분,12세 관람가,김용화,6081480.0,1,422,2,1329061명
435,손님,CJ 엔터테인먼트,SF,2015-07-09,107분,15세 관람가,김광태,522925.0,3,367,4,828029명
436,"의궤, 8일간의 축제 3D",KBS미디어(주),다큐멘터리,2014-04-17,73분,전체 관람가,최필곤,,0,3,1,7956명
437,나쁜 나라,(주)시네마달,다큐멘터리,2015-12-03,120분,12세 관람가,김진열,,0,2,0,21576명
438,산다,리틀빅픽처스,드라마,2015-05-21,166분,청소년 관람불가,박정범,,0,180,4,4398명
439,트루맛쇼,더 피플,다큐멘터리,2011-06-02,70분,12세 관람가,김재환,,0,20,1,12341명
440,조선안방 스캔들-칠거지악,(주) 케이알씨지,멜로/로맨스,2015-10-22,76분,청소년 관람불가,이전,,0,10,4,368명
441,붉은 가족,김기덕 필름,드라마,2013-11-06,99분,15세 관람가,이주형,,0,61,3,3916명
442,악마를 보았다,(주)쇼박스,느와르,2010-08-12,144분,청소년 관람불가,김지운,,0,582,2,1817069명
443,U.F.O.,인디스토리,드라마,2012-05-24,91분,청소년 관람불가,공귀현,,0,70,4,1240명
444,중독애,(주) 케이알씨지,멜로/로맨스,2014-07-16,83분,청소년 관람불가,한소준,,0,24,4,1547명
445,방자전,CJ 엔터테인먼트,드라마,2010-06-02,124분,청소년 관람불가,김대우,768549.333333333,3,481,3,2985556명
446,김종욱 찾기,CJ 엔터테인먼트,멜로/로맨스,2010-12-08,112분,12세 관람가,장유정,,0,547,2,1122225명
447,슬기로운 해법,시네마달,다큐멘터리,2014-05-15,94분,12세 관람가,태준식,,0,24,3,4766명
448,나의 불행에는 이유가 있다,위드시네마,드라마,2010-11-25,86분,15세 관람가,한상민,,0,0,4,46명
449,춤추는 동물원,인디플러그,드라마,2010-12-02,114분,15세 관람가,김효정,,0,61,2,865명
450,줄탁동시,인디스토리,드라마,2012-03-01,119분,청소년 관람불가,김경묵,,0,18,2,3694명
451,블러디 쉐이크,팜코리아미디어,드라마,2010-05-27,105분,청소년 관람불가,김지용,,0,121,7,721명
452,고양이: 죽음을 보는 두 개의 눈,(주)NEW,공포,2011-07-07,106분,15세 관람가,변승욱,200836.0,1,61,3,672340명
453,"실론, 세렌디피티",(주)씨엠닉스,드라마,2015-12-14,108분,15세 관람가,권중목,,0,23,2,136명
454,최후의 툰드라 - 극장판,SBS콘텐츠허브,다큐멘터리,2011-02-17,101분,전체 관람가,장경수,,0,3,1,10203명
455,탐정 : 더 비기닝,CJ 엔터테인먼트,코미디,2015-09-24,120분,15세 관람가,김정훈,1689216.5,2,438,2,2625686명
456,"60년전, 사선에서",인터콘미디어,다큐멘터리,2010-06-24,63분,전체 관람가,박성미,,0,10,0,79명
457,공정사회,(주)엣나인필름,드라마,2013-04-18,75분,청소년 관람불가,이지승,,0,93,4,14537명
458,이웃사람,롯데엔터테인먼트,공포,2012-08-22,115분,청소년 관람불가,김휘,2429219.33333333,3,257,8,2434435명
459,여배우 공작단,(주) 케이알씨지,멜로/로맨스,2014-06-19,74분,청소년 관람불가,전태윤,,0,7,4,2729명
460,"광해, 왕이 된 남자",CJ 엔터테인먼트,드라마,2012-09-13,131분,15세 관람가,추창민,1552541.0,2,402,3,12323595명
461,앨리스: 원더랜드에서 온 소년,(주)유비콘텐츠,SF,2015-12-10,115분,15세 관람가,허은희,,0,82,3,9323명
462,"어떤 여행, 시민창작뮤지컬",(주)마운틴픽쳐스,다큐멘터리,2015-05-07,79분,전체 관람가,김정욱,,0,14,1,112명
463,우리는 형제입니다,(주)쇼박스,코미디,2014-10-23,102분,12세 관람가,장진,73729.0,1,357,4,970377명
464,순교,파이오니아21,다큐멘터리,2015-08-13,83분,전체 관람가,김상철,33039.5,2,19,6,16248명
465,네버엔딩 스토리,화앤담이엔티,멜로/로맨스,2012-01-18,114분,15세 관람가,정용주,8.0,1,200,2,283449명
466,연애의 온도,롯데엔터테인먼트,멜로/로맨스,2013-03-21,112분,청소년 관람불가,노덕,145.0,1,252,2,1865354명
467,연가시,CJ 엔터테인먼트,드라마,2012-07-05,109분,15세 관람가,박정우,578474.5,2,128,4,4515833명
468,미쓰GO,NEW,코미디,2012-06-21,115분,15세 관람가,박철관,,0,120,5,611685명
469,그 사람 추기경,(주)프레인글로벌,다큐멘터리,2014-08-06,121분,전체 관람가,전성우,,0,54,1,13538명
470,엄마에게,어뮤즈,드라마,2012-05-31,72분,전체 관람가,이홍재,1174495.0,1,86,4,574명
471,뷰티풀 차일드,(주)마운틴픽쳐스,다큐멘터리,2013-11-28,93분,전체 관람가,이성수,,0,9,1,703명
472,감시자들,(주)NEW,느와르,2013-07-03,119분,15세 관람가,조의석,80741.0,2,331,3,5508299명
473,성난 변호사,CJ 엔터테인먼트,느와르,2015-10-08,117분,15세 관람가,허종호,881793.0,3,431,3,1131154명
474,스파이 파파,마노엔터테인먼트,드라마,2011-10-27,80분,전체 관람가,한승룡,1200.0,1,53,4,484명
475,웨딩드레스,싸이더스,드라마,2010-01-14,109분,전체 관람가,권형진,462623.0,1,261,2,143458명
476,수상한 그녀,CJ 엔터테인먼트,코미디,2014-01-22,124분,15세 관람가,황동혁,2781990.5,2,437,5,8659725명
477,황해,(주)쇼박스,느와르,2010-12-22,156분,청소년 관람불가,나홍진,5046096.0,1,683,3,2260512명
478,나의 사랑 나의 신부,씨네그루(주)키다리이엔티,멜로/로맨스,2014-10-08,111분,15세 관람가,임찬상,748380.0,1,287,2,2141155명
479,피해자들,골든타이드픽처스,드라마,2014-07-31,89분,청소년 관람불가,노진수,,0,81,2,494명
480,차이나 블루,프로젝트 엠피,드라마,2012-12-13,102분,청소년 관람불가,김건,,0,101,3,482명
481,려수,(주) 영화사조제,드라마,2011-11-10,98분,15세 관람가,진광교,,0,1,2,36명
482,나인뮤지스; 그녀들의 서바이벌,하준사,다큐멘터리,2014-09-25,82분,12세 관람가,이학준,,0,0,1,600명
483,데드 엔드,마노엔터테인먼트,미스터리,2013-11-14,96분,청소년 관람불가,윤여창,,0,38,3,205명
484,인 허 플레이스,홀리가든,드라마,2015-12-17,115분,청소년 관람불가,알버트 신,,0,28,3,1599명
485,끝까지 간다,(주)쇼박스,느와르,2014-05-29,111분,15세 관람가,김성훈,436101.5,2,343,2,3450305명
486,뷰티 인사이드,(주)NEW,멜로/로맨스,2015-08-20,127분,12세 관람가,백종열,4210890.33333333,3,572,22,2057896명
487,대호,(주)NEW,드라마,2015-12-16,139분,12세 관람가,박훈정,2270048.5,2,612,1,1762733명
488,몽골리안 프린세스,(주) 영화사조제,멜로/로맨스,2015-03-19,80분,청소년 관람불가,정단우,,0,34,3,424명
489,식객: 김치전쟁,롯데엔터테인먼트,드라마,2010-01-28,119분,전체 관람가,백동훈,,0,372,3,462714명
490,춘하추동 로맨스,(주)노버스엔터테인먼트,코미디,2014-12-04,100분,15세 관람가,오창민,,0,54,7,1217명
491,R2B: 리턴투베이스,주머니필름,액션,2012-08-15,113분,15세 관람가,김동원,,0,477,7,1201944명
492,불안한 외출,홀리가든,다큐멘터리,2015-12-10,90분,15세 관람가,김철민,,0,24,2,1958명
493,좀비스쿨,BoXoo 엔터테인먼트,공포,2014-09-25,87분,청소년 관람불가,김석정,2515.5,2,119,4,7721명
494,화차,필라멘트 픽쳐스,미스터리,2012-03-08,117분,15세 관람가,변영주,43734.0,2,308,3,2436884명
495,닥터,(주)마인스 엔터테인먼트,공포,2013-06-20,97분,청소년 관람불가,김성홍,,0,20,3,68312명
496,설국열차,CJ 엔터테인먼트,SF,2013-08-01,125분,15세 관람가,봉준호,,0,67,10,9350351명
497,쿠바의 연인,시네마 달,다큐멘터리,2011-01-13,93분,15세 관람가,정호현,,0,0,2,4340명
498,암살,(주)쇼박스,액션,2015-07-22,139분,15세 관람가,최동훈,5169479.0,4,628,3,12706663명
499,두 여자,CJ 엔터테인먼트,멜로/로맨스,2010-11-18,105분,청소년 관람불가,정윤수,1421201.0,2,354,3,129576명
500,한양 기방 춘향뎐,(주) 케이알씨지,멜로/로맨스,2015-11-25,89분,청소년 관람불가,김민욱,,0,0,1,400명
501,베드,(주)마운틴픽쳐스,멜로/로맨스,2013-01-17,91분,청소년 관람불가,박철수,,0,37,3,660명
502,뜨거운 안녕,나이너스엔터테인먼트(주),드라마,2013-05-30,99분,12세 관람가,남택수,,0,206,4,47105명
503,애니멀 타운,트리필름,드라마,2011-03-10,97분,청소년 관람불가,전규환,,0,1,2,1379명
504,천사의 숨소리,롤러코스터 프로덕션,코미디,2012-02-23,93분,12세 관람가,한지원,,0,53,2,1873명
505,해적: 바다로 간 산적,롯데엔터테인먼트,SF,2014-08-06,130분,12세 관람가,이석훈,1843894.66666667,3,868,2,8666208명
506,우리 선희,(주) 영화제작전원사,드라마,2013-09-12,89분,청소년 관람불가,홍상수,,0,8,6,69122명
507,내 아내의 모든 것,(주)NEW,멜로/로맨스,2012-05-17,121분,15세 관람가,민규동,,0,340,3,4598985명
508,모차르트 락 오페라,SK플래닛,뮤지컬,2011-11-17,133분,전체 관람가,정성복,,0,4,4,16323명
509,고양이 춤,인디스토리,다큐멘터리,2011-11-17,76분,전체 관람가,윤기형,,0,42,3,12486명
510,도약선생,(주) 영화사조제,드라마,2011-06-30,65분,12세 관람가,윤성호,,0,17,4,2155명
511,서울연애,서울독립영화제,드라마,2014-10-30,120분,청소년 관람불가,최시형,,0,103,16,1547명
512,마담 뺑덕,CJ 엔터테인먼트,멜로/로맨스,2014-10-02,111분,청소년 관람불가,임필성,14188.0,1,450,3,471248명
513,푸른소금,스튜디오 블루,드라마,2011-08-31,120분,15세 관람가,이현승,20380.0,1,436,2,771699명
514,윤희,노바엔터테인먼트,드라마,2014-01-09,89분,청소년 관람불가,윤여창,,0,11,2,561명
515,고스톱 살인,(주)랠리버튼,SF,2014-03-20,100분,15세 관람가,김준권,,0,77,3,820명
516,서부전선,롯데엔터테인먼트,액션,2015-09-24,112분,12세 관람가,천성일,4385472.0,2,388,2,609063명
517,깡철이,CJ 엔터테인먼트,드라마,2013-10-02,108분,15세 관람가,안권태,1918611.5,2,143,2,1209363명
518,577 프로젝트,필라멘트 픽쳐스,코미디,2012-08-30,99분,15세 관람가,이근우,1198419.5,2,150,2,96080명
519,보호자,무비꼴라쥬,느와르,2014-04-10,88분,15세 관람가,유원상,2496.0,1,128,3,458명
520,더 웹툰: 예고살인,CJ 엔터테인먼트,공포,2013-06-27,104분,15세 관람가,김용균,1670652.0,1,243,2,1201033명
521,스타: 빛나는 사랑,(주)마운틴픽쳐스,드라마,2012-10-11,98분,12세 관람가,한상희,,0,65,6,577명
522,화이트: 저주의 멜로디,CJ E&M Pictures,공포,2011-06-09,106분,15세 관람가,김곡,,0,98,5,790959명
523,옥희의 영화,스폰지,드라마,2010-09-16,80분,청소년 관람불가,홍상수,,0,57,3,37122명
524,코인라커,(주)드림팩트엔터테인먼트,느와르,2015-05-28,95분,청소년 관람불가,김태경,228385.0,1,115,2,1008명
525,반드시 크게 들을 것,인디스토리,다큐멘터리,2010-04-22,95분,15세 관람가,백승화,,0,16,11,2732명
526,고스트 메신저 극장판,에이원 엔터테인먼트,애니메이션,2014-05-22,78분,12세 관람가,구봉회,,0,0,5,23802명
527,그놈이다,CGV 아트하우스,공포,2015-10-28,109분,15세 관람가,윤준형,1081752.0,1,317,3,1046313명
528,귀,CJ 엔터테인먼트,공포,2010-06-10,109분,15세 관람가,김조광수,,0,255,13,13108명
529,맛있는 덫-정사,(주) 케이알씨지,멜로/로맨스,2015-10-07,88분,청소년 관람불가,신정균,752.5,2,22,2,426명
530,7번방의 선물,(주)NEW,코미디,2013-01-23,127분,15세 관람가,이환경,819049.5,2,300,8,12811435명
531,꿈은 이루어진다,CJ 엔터테인먼트,코미디,2010-05-27,113분,15세 관람가,계윤식,1468191.0,1,258,2,101698명
532,남자사용설명서,(주)쇼박스,멜로/로맨스,2013-02-14,116분,15세 관람가,이원석,,0,158,3,507913명
533,홈 스위트 홈,머스트 씨 무비,애니메이션,2014-07-17,67분,12세 관람가,안도 마사히로,,0,8,3,2329명
534,밀양 아리랑,시네마달,다큐멘터리,2015-07-16,102분,15세 관람가,박배일,,0,5,4,3044명
535,조선마술사,롯데엔터테인먼트,드라마,2015-12-30,122분,12세 관람가,김대승,1347413.75,4,574,2,627586명
536,스파이,이십세기폭스코리아(주),코미디,2015-05-21,120분,15세 관람가,폴 페이그,,0,14,6,2318748명
537,터널 3D,BoXoo 엔터테인먼트,공포,2014-08-20,86분,15세 관람가,박규택,,0,365,4,81008명
538,마이 보이,트리필름,드라마,2014-04-10,99분,12세 관람가,전규환,,0,117,4,3523명
539,구르믈 버서난 달처럼,SK텔레콤(주),드라마,2010-04-28,111분,15세 관람가,이준익,,0,410,4,1383867명
540,헤드,SBS콘텐츠허브,액션,2011-05-26,100분,청소년 관람불가,조운,145.0,1,290,3,61414명
541,어이그 저 귓것,영화사 진진,드라마,2011-08-25,90분,전체 관람가,오멸,,0,0,5,732명
542,감금의 시간,마법사필름,공포,2015-12-03,91분,청소년 관람불가,김대성,,0,1,2,555명
543,"협녀, 칼의 기억",롯데엔터테인먼트,액션,2015-08-13,121분,15세 관람가,박흥식,120930.333333333,3,439,3,431310명
544,꼭 껴안고 눈물 핑,스폰지이엔티,멜로/로맨스,2011-03-10,78분,15세 관람가,김동원,340.0,1,9,3,614명
545,남쪽으로 간다,시네마달,드라마,2012-11-15,45분,청소년 관람불가,이송희일,3389.0,1,2,2,2919명
546,설마 그럴리가 없어,(주) 영화사조제,드라마,2012-06-21,95분,12세 관람가,조성규,,0,23,2,1679명
547,제보자,메가박스(주)플러스엠,드라마,2014-10-02,114분,12세 관람가,임순례,15495.6666666667,3,277,3,1755181명
548,5백만불의 사나이,CJ 엔터테인먼트,코미디,2012-07-19,107분,15세 관람가,김익로,107375.5,2,157,3,104736명
549,맛있는 택배,(주)로드하우스,멜로/로맨스,2015-04-02,84분,청소년 관람불가,기대호,,0,0,1,6226명
550,두만강,인디스토리,드라마,2011-03-17,93분,15세 관람가,장률,,0,22,3,2429명
551,명량: 회오리 바다를 향하여,(주)NEW,다큐멘터리,2015-05-07,95분,12세 관람가,정세교,2723789.25,4,12,5,8897명
552,자칼이 온다,롯데엔터테인먼트,코미디,2012-11-15,107분,15세 관람가,배형준,19.0,2,215,3,210278명
553,미라클 여행기,미라클 필름,다큐멘터리,2015-01-15,84분,전체 관람가,허철,,0,0,1,3399명
554,위험한 섹스,(주) 케이알씨지,멜로/로맨스,2015-09-23,72분,청소년 관람불가,이전,,0,0,1,419명
555,듀엣,(주) 영화사조제,드라마,2012-04-19,96분,전체 관람가,이상빈,,0,61,2,1081명
556,채식주의자,스폰지,드라마,2010-02-18,113분,청소년 관람불가,임우성,,0,153,5,3536명
557,목숨,필라멘트 픽쳐스,다큐멘터리,2014-12-04,95분,12세 관람가,이창재,,0,139,4,38771명
558,나나나 : 여배우 민낯 프로젝트,서울독립영화제,다큐멘터리,2012-08-23,89분,12세 관람가,부지영,,0,1,3,1028명
559,특종: 량첸살인기,롯데엔터테인먼트,공포,2015-10-22,125분,15세 관람가,노덕,145.0,1,303,3,616481명
560,폐가,시너지,공포,2010-08-19,84분,15세 관람가,이철하,,0,118,6,225955명
561,숨바꼭질,(주)NEW,공포,2013-08-14,107분,15세 관람가,허정,,0,249,3,5604106명
562,이파네마 소년,프리비젼 엔터테인먼트,멜로/로맨스,2010-11-04,94분,12세 관람가,김기훈,,0,158,2,3436명
563,웨딩스캔들,(주)마인스엔터테인먼트,멜로/로맨스,2012-09-06,90분,15세 관람가,신재호,67602.0,1,57,2,21295명
564,사요나라 이츠카,CJ 엔터테인먼트,드라마,2010-04-15,133분,청소년 관람불가,이재한,1887850.0,1,404,3,23229명
565,도쿄 택시,(주)키노아이,코미디,2010-05-20,75분,전체 관람가,김태식,,0,80,3,6034명
566,전국노래자랑,롯데엔터테인먼트,코미디,2013-05-01,112분,12세 관람가,이종필,385977.5,2,245,8,978413명
567,술에 대하여 - 극장판,이모션 픽처스,다큐멘터리,2011-09-01,72분,15세 관람가,임범,,0,0,2,541명
568,공범,CJ 엔터테인먼트,공포,2013-10-24,95분,15세 관람가,국동석,1389992.0,4,281,2,1766285명
569,네모난원,영화사 廊,드라마,2012-12-06,100분,15세 관람가,김성훈,86837.0,2,10,3,7173명
570,소리굽쇠,CJ 엔터테인먼트,드라마,2014-10-30,105분,15세 관람가,추상록,163019.5,2,154,3,3060명
571,뫼비우스,(주)NEW,드라마,2013-09-05,90분,청소년 관람불가,김기덕,,0,93,3,35348명
572,천 번을 불러도,(주)마운틴픽쳐스,드라마,2014-10-16,97분,15세 관람가,신성섭,,0,51,3,685명
573,"1999, 면회",인디스토리,드라마,2013-02-21,85분,15세 관람가,김태곤,,0,32,4,3404명
574,사랑을 말하다,크리에이티브컴즈(주),드라마,2012-09-13,61분,15세 관람가,전화성,424.0,2,6,8,188명
575,분홍돌고래,ysfilm,드라마,2010-07-01,78분,12세 관람가,조연수,,0,17,7,172명
576,점쟁이들,(주)NEW,코미디,2012-10-03,119분,15세 관람가,신정원,1030261.0,3,380,6,953682명
577,망원동 인공위성,시네마달,다큐멘터리,2015-02-05,108분,12세 관람가,김형주,,0,8,1,2972명
578,"메밀꽃, 운수 좋은 날, 그리고 봄봄",이달투,애니메이션,2014-08-21,90분,전체 관람가,안재훈,53235.0,1,167,7,35567명
579,지옥화,(주)팝엔터테인먼트,드라마,2014-11-06,99분,청소년 관람불가,이상우,,0,42,3,600명
580,정글히어로,CJ 엔터테인먼트,애니메이션,2014-10-02,82분,전체 관람가,박태동,,0,0,6,72052명
581,자가당착: 시대정신과 현실참여,인디플러그,코미디,2015-09-10,74분,청소년 관람불가,김선,7763.0,1,29,4,532명
582,뽀로로 극장판 컴퓨터 왕국 대모험,(주)NEW,애니메이션,2015-12-10,62분,전체 관람가,박영균,,0,2,8,446054명
583,창수,(주)마인스 엔터테인먼트,느와르,2013-11-28,103분,청소년 관람불가,이덕희,281.0,1,194,5,429141명
584,페스티발,시너지,코미디,2010-11-18,109분,청소년 관람불가,이해영,475388.0,3,420,7,196995명
585,후쿠시마의 미래,인디플러그,다큐멘터리,2015-04-09,70분,전체 관람가,이홍기,,0,4,1,938명
586,청야,마노엔터테인먼트,드라마,2013-12-26,83분,12세 관람가,김재수,,0,2,4,4550명
587,서유기 리턴즈,(주) 영화사조제,SF,2011-02-17,79분,전체 관람가,신재호,67602.0,1,220,4,12696명
588,하울링,CJ 엔터테인먼트,느와르,2012-02-16,114분,15세 관람가,유하,2061296.66666667,3,288,2,1612554명
589,상의원,(주)쇼박스,드라마,2014-12-24,127분,15세 관람가,이원석,,0,456,5,790370명
590,짐승의 끝,CJ 엔터테인먼트,미스터리,2011-03-17,114분,청소년 관람불가,조성희,,0,92,2,1250명
591,아티스트 봉만대,씨너스엔터테인먼트(주),코미디,2013-08-29,101분,청소년 관람불가,봉만대,,0,59,4,14188명
592,차이나타운,CGV아트하우스,느와르,2015-04-29,110분,청소년 관람불가,한준희,597497.0,3,420,3,1472147명
593,낭만파 남편의 편지,퍼스트런,미스터리,2013-09-12,97분,청소년 관람불가,최위안,,0,5,3,1132명
594,오빠가 돌아왔다,(주)마운틴픽쳐스,코미디,2014-03-20,94분,청소년 관람불가,노진수,,0,37,5,1958명
595,해무,(주)NEW,드라마,2014-08-13,111분,청소년 관람불가,심성보,3833.0,1,510,7,1475091명
596,파파로티,(주)쇼박스,드라마,2013-03-14,127분,15세 관람가,윤종찬,496061.0,1,286,6,1716438명
597,살인의 강,(주)마운틴픽쳐스,공포,2010-09-30,99분,청소년 관람불가,김대현,,0,123,4,2475명
598,악의 연대기,CJ 엔터테인먼트,느와르,2015-05-14,102분,15세 관람가,백운학,,0,431,4,2192525명
599,베를린,CJ 엔터테인먼트,액션,2013-01-30,120분,15세 관람가,류승완,,0,363,5,7166532명
